Uuid,Exchange,TimeStamp,OrderType,Limit,Quantity,QuantityRemaining,Commission,Price,PricePerUnit,IsConditional,Condition,ConditionTarget,ImmediateOrCancel,Closed
90d58b92-22ce-40be-8b25-f13062276d6d,BTC-NEO,5/21/2019 10:37:42 AM,LIMIT_SELL,0.00151557,5.37464760,0.00000000,0.00002036,0.00814565,0.00151557,False,,0.00000000,False,5/21/2019 10:37:42 AM
e34bc777-42f0-47fc-9341-b3cf68bfe8b3,BTC-THC,5/21/2019 10:38:44 AM,LIMIT_SELL,0.00000190,4688.48175007,2062.77525007,0.00001246,0.00498884,0.00000190,False,,0.00000000,False,5/21/2019 10:43:48 AM
1c485d04-e292-4ced-805b-a00b92fa3c72,BTC-THC,5/21/2019 10:44:28 AM,LIMIT_SELL,0.00000188,2062.77525007,0.00000000,0.00000969,0.00387801,0.00000188,False,,0.00000000,False,5/21/2019 10:44:28 AM
93b802a3-f6c2-400b-a07f-655385987a05,BTC-ETH,5/21/2019 10:40:48 AM,LIMIT_SELL,0.03178000,0.37068535,0.14883074,0.00001762,0.00705053,0.03177996,False,,0.00000000,False,5/21/2019 10:45:02 AM
801959f1-3f7a-4f27-8e93-0b4fd562a3e6,BTC-ETH,5/21/2019 10:45:36 AM,LIMIT_SELL,0.03170562,0.14883074,0.00000000,0.00001179,0.00471877,0.03170561,False,,0.00000000,False,5/21/2019 10:45:36 AM
fecb736b-45d5-43e7-bfda-60eafe341430,BTC-ZEC,5/21/2019 10:47:01 AM,LIMIT_SELL,0.00948800,0.57166186,0.00000000,0.00001355,0.00542392,0.00948799,False,,0.00000000,False,5/21/2019 10:47:01 AM
2ac84e85-3e21-4320-87fb-5961a754fa95,BTC-DASH,5/21/2019 10:47:45 AM,LIMIT_SELL,0.02055002,0.48194036,0.00000000,0.00002475,0.00990388,0.02055001,False,,0.00000000,False,5/21/2019 10:47:45 AM
d9e7dbff-5903-4585-95e4-c3c5fe6896f4,BTC-ZEN,5/21/2019 10:48:20 AM,LIMIT_SELL,0.00148792,7.15337563,3.51906950,0.00001351,0.00540754,0.00148792,False,,0.00000000,False,5/21/2019 10:48:59 AM
548d3c8b-72e7-4712-96fe-cfcea961582a,BTC-ZEN,5/21/2019 10:49:14 AM,LIMIT_SELL,0.00148790,3.51906950,3.51489315,0.00000001,0.00000621,0.00148694,False,,0.00000000,False,5/21/2019 10:49:27 AM
ef8f9992-8db1-48b5-ae34-d3843da524dc,BTC-ZEN,5/21/2019 10:49:47 AM,LIMIT_SELL,0.00148783,3.51489315,3.50708661,0.00000002,0.00001161,0.00148721,False,,0.00000000,False,5/21/2019 10:49:57 AM
27953f01-d7f0-4a32-9811-ec38c0616470,BTC-ZEN,5/21/2019 10:51:13 AM,LIMIT_SELL,0.00148679,3.50708661,3.11547982,0.00000145,0.00058223,0.00148677,False,,0.00000000,False,5/21/2019 10:51:52 AM
d5b34f8f-84c3-4502-aa15-4211b659b504,BTC-ZEN,5/21/2019 10:52:12 AM,LIMIT_SELL,0.00148600,3.11547982,0.00000000,0.00001157,0.00462960,0.00148600,False,,0.00000000,False,5/21/2019 10:52:12 AM
6d18d3bc-a148-494d-8a2a-913269e25cbd,BTC-LTC,5/21/2019 10:52:51 AM,LIMIT_SELL,0.01147414,1.36641565,0.00000000,0.00003919,0.01567844,0.01147414,False,,0.00000000,False,5/21/2019 10:52:51 AM
5b168ad4-e563-423a-865d-a3ba027d9d92,BTC-BCH,8/5/2019 7:56:48 PM,LIMIT_SELL,0.02959702,2.92005308,0.00000000,0.00021605,0.08642486,0.02959702,False,,0.00000000,False,8/5/2019 7:56:48 PM
ad7bd297-60dc-488f-8eb8-7030a741d65a,BTC-BCH,8/9/2019 2:59:14 AM,LIMIT_SELL,0.02776763,7.58124236,0.00000000,0.00052628,0.21051312,0.02776763,False,,0.00000000,False,8/9/2019 3:00:20 AM
f3a625de-cf05-47d1-a87d-a55835ac2c95,BTC-BCH,8/9/2019 6:43:32 AM,LIMIT_BUY,0.02792990,2.87051122,0.00000000,0.00020043,0.08017309,0.02792990,False,,0.00000000,False,8/9/2019 6:43:32 AM
ad7b4882-3545-4a87-9b86-02ddbacff114,BTC-XLM,8/16/2019 12:13:05 PM,LIMIT_BUY,0.00000674,100.00000000,0.00000000,0.00000168,0.00067399,0.00000674,False,,0.00000000,False,8/16/2019 12:13:05 PM
4d33771a-0f87-4d41-beb2-9a2e55d7b729,BTC-BCH,8/29/2019 2:16:04 PM,LIMIT_SELL,0.02957503,0.13100432,0.00000000,0.00000968,0.00387445,0.02957498,False,,0.00000000,False,8/29/2019 2:16:04 PM
56e424ac-1d4c-4f84-a595-1be3b87f8139,BTC-BCH,8/30/2019 5:02:34 PM,LIMIT_BUY,0.02932174,0.37974542,0.00000000,0.00002783,0.01113479,0.02932172,False,,0.00000000,False,8/30/2019 5:02:34 PM
de9bf73c-2b68-4e30-acf9-3a9c4dfd5448,BTC-BCH,9/2/2019 4:13:19 PM,LIMIT_BUY,0.02884499,3.11440988,0.00000000,0.00022454,0.08981958,0.02884000,False,,0.00000000,False,9/2/2019 4:13:19 PM
58e5cb54-4b13-4cc2-9ec0-bd5742c82076,BTC-BCH,9/2/2019 4:28:39 PM,LIMIT_SELL,0.02888000,0.06158629,0.00000000,0.00000444,0.00177892,0.02888500,False,,0.00000000,False,9/2/2019 4:28:39 PM
d8b27506-ea71-4b3d-bec9-f16b421f6bde,USDT-BTC,9/2/2019 4:29:58 PM,LIMIT_SELL,9922.74218147,0.00401226,0.00000000,0.09953155,39.81262154,9922.74218022,False,,0.00000000,False,9/2/2019 4:29:58 PM
9ea46c94-1209-43c0-a2ed-97b723342d4f,BTC-BCH,9/2/2019 4:28:32 PM,LIMIT_SELL,0.02890500,6.18065752,0.00000000,0.00044661,0.17865190,0.02890500,False,,0.00000000,False,9/2/2019 4:32:47 PM
4b501451-ab55-4c12-b255-578ea02705da,USDT-BTC,9/2/2019 4:33:42 PM,LIMIT_SELL,9895.33774182,0.17401726,0.00000000,4.30489890,1721.95956060,9895.33774178,False,,0.00000000,False,9/2/2019 4:33:42 PM
0602e806-3c67-42dd-87ce-abbb5083c79a,BTC-BCH,9/2/2019 4:33:42 PM,LIMIT_BUY,0.02892500,0.06142942,0.00000000,0.00000444,0.00177653,0.02891986,False,,0.00000000,False,9/2/2019 4:33:42 PM
f619af24-7b8e-407c-ad40-1d36fd06bd5b,USDT-BTC,9/2/2019 4:40:14 PM,LIMIT_BUY,9906.23999990,0.08695415,0.00000000,2.15347169,861.38867888,9906.23999982,False,,0.00000000,False,9/2/2019 4:40:14 PM
979ec588-5705-42eb-80f1-248fe769a6b5,BTC-BCH,9/2/2019 4:40:15 PM,LIMIT_BUY,0.02889499,3.00774005,0.00000000,0.00021723,0.08689357,0.02888999,False,,0.00000000,False,9/2/2019 4:40:15 PM
f87420e1-fdce-4840-b0c9-01455420f2da,USDT-BTC,9/2/2019 4:41:52 PM,LIMIT_BUY,9906.23999983,0.08842262,0.00000000,2.18983923,875.93569513,9906.23999979,False,,0.00000000,False,9/2/2019 4:41:52 PM
a2619945-2204-46d3-a76d-494407bcf505,BTC-BCH,9/2/2019 4:41:53 PM,LIMIT_BUY,0.02885500,3.05542884,0.00000000,0.00022041,0.08816439,0.02885500,False,,0.00000000,False,9/2/2019 4:41:53 PM
d6497b37-fdc3-452b-9bb2-17a200a03dc1,BTC-BCH,9/18/2019 3:40:34 PM,LIMIT_SELL,0.03211500,0.69330724,0.00000000,0.00005566,0.02226556,0.03211500,False,,0.00000000,False,9/18/2019 3:40:34 PM
4653cd82-825c-40ea-8b9b-61d4d3e1a96c,BTC-BCH,9/18/2019 10:43:24 PM,LIMIT_SELL,0.03210753,0.35055069,0.00000000,0.00002812,0.01125531,0.03210751,False,,0.00000000,False,9/18/2019 10:46:21 PM
444bbc3e-fe3d-44ce-80dd-7a7a6e1b9e47,BTC-XLM,9/18/2019 10:53:56 PM,LIMIT_BUY,0.00000844,3000.00000000,0.00000000,0.00006278,0.02511745,0.00000837,False,,0.00000000,False,9/18/2019 10:53:56 PM
b66affd8-9be1-413f-9f3d-0e48eab06261,BTC-XLM,9/18/2019 10:55:07 PM,LIMIT_SELL,0.00000836,382.47277537,0.00000000,0.00000799,0.00319747,0.00000836,False,,0.00000000,False,9/18/2019 10:55:07 PM
99d40b38-579e-461c-bc7f-0ecb1d317c5e,BTC-XLM,9/19/2019 8:16:40 PM,LIMIT_BUY,0.00000803,579.79158565,0.00000000,0.00001159,0.00463833,0.00000800,False,,0.00000000,False,9/19/2019 8:16:40 PM
08ba3945-235c-4d7f-b3b9-ad58a3f7f56c,BTC-BCH,9/19/2019 8:16:40 PM,LIMIT_BUY,0.03107499,0.15196262,0.00000000,0.00001180,0.00472223,0.03107494,False,,0.00000000,False,9/19/2019 8:16:40 PM
8f4b21e8-1224-44f9-8a3f-1c54b9fdd12f,BTC-BCH,9/21/2019 8:59:32 PM,LIMIT_SELL,0.03115500,0.03719843,0.00000000,0.00000289,0.00115891,0.03115481,False,,0.00000000,False,9/21/2019 8:59:32 PM
f54ef56c-77b6-4673-945c-cf28adeb6575,BTC-XLM,9/21/2019 8:59:32 PM,LIMIT_BUY,0.00000714,244.91335529,0.00000000,0.00000437,0.00174868,0.00000714,False,,0.00000000,False,9/21/2019 8:59:32 PM
f9e075c8-1f04-41ea-8b62-978b22238bcc,USDT-BTC,9/24/2019 11:16:21 PM,LIMIT_BUY,8662.15580000,0.00126380,0.00000000,0.02733865,10.93546036,8652.84092420,False,,0.00000000,False,9/24/2019 11:16:21 PM
bd497c98-c46a-4bd5-9941-17a9c7dde44f,BTC-BCH,9/24/2019 11:16:21 PM,LIMIT_BUY,0.02669508,0.03915953,0.00000000,0.00000261,0.00104536,0.02669491,False,,0.00000000,False,9/24/2019 11:16:21 PM
4a0bdcd1-6433-489b-8131-ff2c05798b4c,BTC-BCH,9/18/2019 10:43:01 PM,LIMIT_SELL,0.03211369,1.05231805,1.02023172,0.00000257,0.00103041,0.03211368,False,,0.00000000,False,9/26/2019 3:20:31 PM
86849969-8ae4-43af-aebf-fc3c3638e075,BTC-BCH,9/18/2019 10:42:54 PM,LIMIT_SELL,0.03216881,3.35831383,3.15631383,0.00001624,0.00649809,0.03216876,False,,0.00000000,False,9/26/2019 3:20:34 PM
70758307-39ea-4100-8fd9-6988f5275971,USD-BCH,9/26/2019 4:21:48 PM,LIMIT_SELL,209.00000000,5.00000000,0.00000000,2.61525000,1046.10000000,209.22000000,False,,0.00000000,False,9/26/2019 4:21:48 PM
038ae7b6-c92c-49b9-8cfb-b983b2d759b7,USD-BTC,9/26/2019 4:23:17 PM,LIMIT_SELL,7824.00000000,0.01088331,0.00000000,0.21391036,85.56414788,7861.95999930,False,,0.00000000,False,9/26/2019 4:23:17 PM
8b011727-73b9-4bcf-9760-f5c09897d98c,USD-BCH,9/26/2019 7:51:57 PM,LIMIT_BUY,215.94100000,4.67139069,0.00000000,2.52183858,1008.73543420,215.93900000,False,,0.00000000,True,9/26/2019 7:51:57 PM
5ac08357-58f1-4521-8f8b-c271e2378030,USD-BCH,9/26/2019 7:52:33 PM,LIMIT_BUY,215.94300000,0.54312374,0.00000000,0.29320942,117.28376978,215.94299999,False,,0.00000000,False,9/26/2019 7:52:34 PM
d5d904fb-382d-4cd3-8bf4-301589c75cbc,BTC-BCH,9/26/2019 9:38:38 PM,LIMIT_SELL,0.02648500,3.18119619,0.00000000,0.00021063,0.08425398,0.02648500,False,,0.00000000,False,9/26/2019 9:38:38 PM
f697c9bf-4342-4df4-9442-b1747928f1ca,BTC-XLM,9/26/2019 9:38:39 PM,LIMIT_BUY,0.00000724,4098.21193300,0.00000000,0.00007417,0.02967105,0.00000724,False,,0.00000000,False,9/26/2019 9:38:39 PM
6743598c-6f47-491a-8054-9b12b1107da9,USDT-BTC,9/26/2019 9:38:39 PM,LIMIT_SELL,8081.15048380,0.00105881,0.00000000,0.02139153,8.55661470,8081.35047837,False,,0.00000000,False,9/26/2019 9:38:39 PM
3227df8a-6757-4a42-a4ac-b679e45ef6da,BTC-XLM,9/26/2019 9:42:03 PM,LIMIT_SELL,0.00000722,2124.41641568,0.00000000,0.00003834,0.01533828,0.00000722,False,,0.00000000,False,9/26/2019 9:42:03 PM
2be0df9e-888f-448d-892d-912da1793783,BTC-BCH,9/26/2019 9:42:04 PM,LIMIT_SELL,0.02653000,0.55477672,0.00000000,0.00003680,0.01472100,0.02653500,False,,0.00000000,False,9/26/2019 9:42:04 PM
eecf549c-898b-4bd0-8e01-44234e995c55,USDT-BTC,9/26/2019 9:42:04 PM,LIMIT_SELL,8063.18861545,0.00488928,0.00000000,0.09855796,39.42318683,8063.18861468,False,,0.00000000,False,9/26/2019 9:42:04 PM
661927be-caeb-4e2d-89f9-646a7aaeab55,BTC-RVN,9/26/2019 9:44:36 PM,LIMIT_BUY,0.00000335,200.00000020,0.00000000,0.00000167,0.00067000,0.00000335,False,,0.00000000,False,9/26/2019 9:44:36 PM
0ff9dc32-502d-44a7-bdaa-a50530f6fe7a,BTC-BCH,9/26/2019 9:44:55 PM,LIMIT_SELL,0.02650502,0.35204978,0.00000000,0.00002332,0.00933108,0.02650500,False,,0.00000000,False,9/26/2019 9:44:55 PM
7d12c660-45e5-4293-afa9-0a43c960053b,BTC-XLM,9/26/2019 9:44:55 PM,LIMIT_SELL,0.00000725,1285.76196335,0.00000000,0.00002330,0.00932177,0.00000725,False,,0.00000000,False,9/26/2019 9:44:55 PM
f30d2080-151c-4dc3-b2f5-f2ed98808576,USDT-BTC,9/26/2019 9:44:56 PM,LIMIT_BUY,8056.37996448,0.00153872,0.00000000,0.03099128,12.39651297,8056.37995867,False,,0.00000000,False,9/26/2019 9:44:56 PM
0b2b6f25-f64d-45eb-9c9f-8fe084b4d4b6,BTC-RVN,9/26/2019 9:44:56 PM,LIMIT_BUY,0.00000336,8738.63476597,0.00000000,0.00007340,0.02936181,0.00000336,False,,0.00000000,False,9/26/2019 9:44:56 PM
00256d43-bf22-4964-8ccf-265aefd400bf,USDT-BTC,9/26/2019 9:45:31 PM,LIMIT_BUY,8057.25649141,0.00244318,0.00000000,0.04921331,19.68532791,8057.25648949,False,,0.00000000,False,9/26/2019 9:45:50 PM
188e466b-02bd-4986-b350-87e75079fc2b,BTC-RVN,9/26/2019 9:46:17 PM,LIMIT_BUY,0.00000336,2959.36091445,0.00000000,0.00002485,0.00994344,0.00000336,False,,0.00000000,False,9/26/2019 9:46:17 PM
5458d177-6ac9-41ee-affd-a186f24539fb,BTC-XLM,9/26/2019 9:46:17 PM,LIMIT_BUY,0.00000726,1383.83986486,0.00000000,0.00002510,0.01004667,0.00000726,False,,0.00000000,False,9/26/2019 9:46:17 PM
a4648ceb-00a9-4867-928e-7c3e3d1ed262,BTC-BCH,9/26/2019 9:46:18 PM,LIMIT_BUY,0.02658499,0.37980243,0.00000000,0.00002524,0.01009704,0.02658498,False,,0.00000000,False,9/26/2019 9:46:18 PM
5f83ea3e-277a-4e82-93c4-66d6b2fa3cbd,BTC-BCH,9/27/2019 3:32:09 AM,LIMIT_SELL,0.02661502,0.28308756,0.00000000,0.00001883,0.00753438,0.02661502,False,,0.00000000,False,9/27/2019 3:32:09 AM
0df117b5-5525-40f7-941d-b8412d3f5499,BTC-XLM,9/27/2019 3:32:09 AM,LIMIT_SELL,0.00000725,1028.71745509,0.00000000,0.00001864,0.00745820,0.00000725,False,,0.00000000,False,9/27/2019 3:32:09 AM
dfcdbf0f-e1a9-4d3c-b4eb-5e04a7f019e1,BTC-RVN,9/27/2019 3:32:10 AM,LIMIT_SELL,0.00000333,2105.57174666,0.00000000,0.00001752,0.00701154,0.00000333,False,,0.00000000,False,9/27/2019 3:32:10 AM
489202ec-17e0-4f2e-95f0-81cc8f90c3a0,USDT-BTC,9/27/2019 3:32:10 AM,LIMIT_SELL,8033.08035586,0.03006902,0.00000000,0.60386713,241.54685388,8033.08035579,False,,0.00000000,False,9/27/2019 3:32:10 AM
da1f86cc-585c-4dda-a4f9-8289363e58c2,BTC-RVN,9/28/2019 3:51:31 PM,LIMIT_SELL,0.00000346,339.19311638,0.00000000,0.00000293,0.00117360,0.00000346,False,,0.00000000,False,9/28/2019 3:51:31 PM
fefa61df-63f7-4215-b4ec-417fc4cf4f67,BTC-RVN,10/2/2019 4:39:33 PM,LIMIT_SELL,0.00000363,341.22124236,0.00000000,0.00000309,0.00123863,0.00000363,False,,0.00000000,False,10/2/2019 4:39:33 PM
8ea91bb5-bf61-4e24-be6a-57c7fe5de901,USDT-BTC,10/2/2019 4:39:33 PM,LIMIT_SELL,8242.48153420,0.00138793,0.00000000,0.02859996,11.43998739,8242.48153005,False,,0.00000000,False,10/2/2019 4:39:33 PM
c64383ba-46cb-48f3-919b-85b5854b6e84,BTC-BCH,10/5/2019 8:03:59 AM,LIMIT_SELL,0.02728500,1.44311997,0.00000000,0.00009843,0.03937552,0.02728499,False,,0.00000000,False,10/5/2019 8:03:59 AM
cc2c52d1-c6d2-4a91-ab15-79a1df461440,USDT-BTC,10/5/2019 8:04:00 AM,LIMIT_SELL,8094.45319809,0.00144517,0.00000000,0.02925435,11.70174381,8097.13999737,False,,0.00000000,False,10/5/2019 8:04:00 AM
ae6c25ef-04fd-4205-a79c-169fdac789d3,BTC-XLM,10/5/2019 8:04:01 AM,LIMIT_BUY,0.00000727,345.82018554,0.00000000,0.00000628,0.00251411,0.00000727,False,,0.00000000,False,10/5/2019 8:04:01 AM
75381ee3-ff26-4223-97f3-eedfa2b34d59,USDT-BTC,10/6/2019 11:59:38 AM,LIMIT_SELL,7935.72584178,0.02749536,0.00000000,0.54550284,218.20113795,7935.92584167,False,,0.00000000,False,10/6/2019 11:59:38 AM
91b4a66e-b332-4c6f-a9e5-e0e9722de8b5,BTC-BCH,10/6/2019 11:59:37 AM,LIMIT_SELL,0.02786004,4.01895960,3.99831577,0.00000143,0.00057513,0.02785966,False,,0.00000000,False,10/6/2019 12:00:09 PM
f9b0c398-fc62-4d17-a08e-21cd78dd78c1,BTC-BCH,10/6/2019 12:00:28 PM,LIMIT_SELL,0.02785000,3.99871375,0.00000000,0.00027841,0.11136417,0.02785000,False,,0.00000000,False,10/6/2019 12:00:28 PM
72af3217-49e1-454c-99fc-a630e7163449,BTC-XLM,10/6/2019 12:00:30 PM,LIMIT_BUY,0.00000730,3852.08355382,0.00000000,0.00007030,0.02812020,0.00000730,False,,0.00000000,False,10/6/2019 12:00:30 PM
4e3c2a10-992e-47a9-91d4-8f164605a5d6,BTC-RVN,10/6/2019 12:00:30 PM,LIMIT_BUY,0.00000384,7415.71828970,0.00000000,0.00007119,0.02847635,0.00000384,False,,0.00000000,False,10/6/2019 12:00:30 PM
4aa4c0ef-fbfe-4ef4-a2dc-dab01fe586e4,BTC-XLM,10/7/2019 9:36:48 PM,LIMIT_SELL,0.00000752,222.16969890,0.00000000,0.00000417,0.00167071,0.00000752,False,,0.00000000,False,10/7/2019 9:36:48 PM
36062052-9249-4629-b419-38eaf81e6187,BTC-RVN,10/7/2019 9:36:49 PM,LIMIT_SELL,0.00000394,355.20321131,0.00000000,0.00000349,0.00139950,0.00000394,False,,0.00000000,False,10/7/2019 9:36:49 PM
e3b2abe7-5797-417b-a730-dcbc2704f85b,USDT-BTC,10/7/2019 9:36:49 PM,LIMIT_SELL,8180.00000000,0.00249865,0.00000000,0.05109739,20.43895700,8180.00000000,False,,0.00000000,False,10/7/2019 9:36:49 PM
559d6c1a-d902-40b6-9526-3a9b1b2dd852,USDT-BTC,10/9/2019 11:31:57 PM,LIMIT_SELL,8581.36209772,0.00116532,0.00000000,0.02500008,10.00003287,8581.36208938,False,,0.00000000,False,10/9/2019 11:31:57 PM
c5b65b20-fd40-431b-bee3-b4726f10996c,USDT-BCH,10/9/2019 11:38:39 PM,LIMIT_SELL,238.54979001,0.04196375,0.00000000,0.02502610,10.01044375,238.54979000,False,,0.00000000,False,10/9/2019 11:38:39 PM
11de5c7e-1d39-4ef6-8a77-b75d03d11005,USDT-RVN,10/9/2019 11:40:22 PM,LIMIT_SELL,0.03267428,301.59853254,0.00000000,0.02463640,9.85456013,0.03267443,False,,0.00000000,False,10/9/2019 11:40:22 PM
b41f2b29-5cf1-4415-bd9b-d4922f9fab60,USDT-RVN,10/10/2019 12:12:36 AM,LIMIT_SELL,0.03358333,296.73590504,0.00000000,0.02491344,9.96537981,0.03358333,False,,0.00000000,False,10/10/2019 12:13:19 AM
05d39416-ffb5-4ae2-88ab-6b09de5aa9ed,USDT-BSV,10/10/2019 12:18:15 AM,LIMIT_BUY,91.77036625,0.10909008,0.00000000,0.02502308,10.00923380,91.75200715,False,,0.00000000,False,10/10/2019 12:18:15 AM
7b1b99d2-be89-4258-8c08-bb3cb5da450f,USDT-XLM,10/10/2019 12:19:58 AM,LIMIT_SELL,0.06295269,158.41973149,0.00000000,0.02493237,9.97294824,0.06295269,False,,0.00000000,False,10/10/2019 12:19:58 AM
30b88dec-e113-4b23-8f01-71e82e4547b4,USDT-BTC,10/10/2019 12:27:21 AM,LIMIT_SELL,8551.50000224,0.01168564,0.00000000,0.24982437,99.92975048,8551.50000171,False,,0.00000000,False,10/10/2019 12:27:21 AM
6ef27677-de4d-4c11-8f59-ceba51051521,USDT-RVN,10/10/2019 12:28:02 AM,LIMIT_SELL,0.03370610,2937.60123708,2913.08839407,0.00206558,0.82623233,0.03370610,False,,0.00000000,False,10/10/2019 12:28:30 AM
45e0f100-5cef-45ed-9558-9fd93da95d60,USDT-BCH,10/10/2019 12:29:22 AM,LIMIT_SELL,237.32392001,0.41830697,0.00000000,0.24818562,99.27424988,237.32391999,False,,0.00000000,False,10/10/2019 12:29:22 AM
8e62b3c9-21b5-48a1-a95b-ade56b110746,USDT-RVN,10/10/2019 12:29:42 AM,LIMIT_SELL,0.03312508,2966.82202925,0.00000000,0.24569053,98.27621705,0.03312508,False,,0.00000000,False,10/10/2019 12:29:42 AM
a613423c-2c57-49f1-98ed-7dad2fcffdb6,USDT-XLM,10/10/2019 12:29:46 AM,LIMIT_SELL,0.06295270,1588.49447101,0.00000000,0.25000003,100.00001588,0.06295270,False,,0.00000000,False,10/10/2019 12:29:46 AM
8c486a87-b1bf-4a48-a58d-c826407a80ee,USDT-BTC,10/10/2019 12:30:07 AM,LIMIT_SELL,8554.67804289,0.01168965,0.00000000,0.25000298,100.00119225,8554.67804853,False,,0.00000000,False,10/10/2019 12:30:07 AM
957f887e-2ecc-4de6-af96-67530fd0f89e,USDT-BCH,10/10/2019 12:30:20 AM,LIMIT_SELL,237.35248001,0.42136503,0.00000000,0.25003008,100.01203485,237.35247999,False,,0.00000000,False,10/10/2019 12:30:20 AM
3f1e52e9-36e4-487f-b4d8-7a84e4a5f325,USDT-RVN,10/10/2019 12:30:30 AM,LIMIT_SELL,0.03312510,2937.66078185,0.00000000,0.24327576,97.31030716,0.03312510,False,,0.00000000,False,10/10/2019 12:30:30 AM
2682fe5c-5ce8-4738-9aca-0f6b7e6285d6,USDT-XLM,10/10/2019 12:30:51 AM,LIMIT_SELL,0.06290111,1588.49421868,0.00000000,0.24979512,99.91804958,0.06290111,False,,0.00000000,False,10/10/2019 12:30:51 AM
d288dd36-e817-42ec-980e-e80608fc76d8,USDT-BTC,10/10/2019 12:33:41 AM,LIMIT_SELL,8551.66000010,0.01168828,0.00000000,0.24988841,99.95536537,8551.75999976,False,,0.00000000,False,10/10/2019 12:33:41 AM
231aef63-1e68-4e27-ad5a-c09c2cd6c54c,USDT-BCH,10/10/2019 12:33:56 AM,LIMIT_SELL,237.07995791,0.42131433,0.00000000,0.24977354,99.90942272,237.13749001,False,,0.00000000,False,10/10/2019 12:33:56 AM
75932140-4313-4847-84ba-ddfa6c9f134f,USDT-BSV,10/10/2019 12:41:23 AM,LIMIT_BUY,91.28999552,1.08989441,0.00000000,0.24874113,99.49645580,91.28999551,False,,0.00000000,False,10/10/2019 12:41:23 AM
625a5695-cdc6-4069-930a-e0a9a9216177,USDT-BSV,10/10/2019 12:41:51 AM,LIMIT_BUY,91.28999318,1.09541028,0.00000000,0.24999999,99.99999699,91.28999318,False,,0.00000000,False,10/10/2019 12:41:51 AM
61dfc0cf-1908-42e0-8300-90a7e0ffdcfc,BTC-RVN,10/10/2019 12:44:57 AM,LIMIT_SELL,0.00000392,1679.48932992,0.00000000,0.00001645,0.00658359,0.00000392,False,,0.00000000,False,10/10/2019 12:44:57 AM
d47fe0fd-f4d8-4d29-b479-5d30125eb937,BTC-XLM,10/10/2019 12:44:57 AM,LIMIT_SELL,0.00000735,883.10987503,0.00000000,0.00001622,0.00649085,0.00000735,False,,0.00000000,False,10/10/2019 12:44:57 AM
33acbc08-1ea2-412b-8346-d5a4d47673d4,BTC-BSV,10/10/2019 12:44:58 AM,LIMIT_BUY,0.01067048,0.63551980,0.00000000,0.00001695,0.00678130,0.01067048,False,,0.00000000,False,10/10/2019 12:44:58 AM
f85f4fc5-3711-46f3-a801-a7e97353bb05,BTC-BCH,10/10/2019 12:45:42 AM,LIMIT_BUY,0.02772561,0.15749405,0.00000000,0.00001091,0.00436661,0.02772556,False,,0.00000000,False,10/10/2019 12:45:42 AM
98660b8a-b0c3-47c5-88d0-470a4f915312,USDT-BTC,10/10/2019 12:45:42 AM,LIMIT_BUY,8568.14999995,0.00216315,0.00000000,0.04633548,18.53419367,8568.14999884,False,,0.00000000,False,10/10/2019 12:45:44 AM
d4802289-cb10-4c3c-a7ed-6a80411d1c5a,BTC-RVN,10/11/2019 4:01:00 AM,LIMIT_SELL,0.00000434,737.65736503,0.00000000,0.00000800,0.00320143,0.00000434,False,,0.00000000,False,10/11/2019 4:01:00 AM
9db6907f-54fc-4da9-b151-e043f10cdbbd,USDT-BTC,10/11/2019 4:19:22 AM,LIMIT_BUY,8543.52279524,0.03880652,0.00000000,0.82885126,331.54050757,8543.42279519,False,,0.00000000,False,10/11/2019 4:19:22 AM
5a2f6d6d-b9f8-40d0-af9c-671efe39e5b3,BTC-RVN,10/11/2019 4:19:22 AM,LIMIT_BUY,0.00000434,1826.20947455,0.00000000,0.00001981,0.00792574,0.00000434,False,,0.00000000,False,10/11/2019 4:19:22 AM
1ec641a3-02d7-49dd-b126-dbecb9b8e8a8,BTC-BSV,10/11/2019 4:19:23 AM,LIMIT_BUY,0.01054374,0.81329306,0.00000000,0.00002143,0.00857515,0.01054374,False,,0.00000000,False,10/11/2019 4:19:23 AM
37c0d541-f876-4193-a30c-9675264b1505,BTC-XLM,10/11/2019 4:19:23 AM,LIMIT_BUY,0.00000720,1202.52588877,0.00000000,0.00002164,0.00865818,0.00000720,False,,0.00000000,False,10/11/2019 4:19:23 AM
3ba0234a-e867-407b-8349-5f4309677732,USDT-BTC,10/11/2019 4:20:04 AM,LIMIT_BUY,8544.52279527,0.00317923,0.00000000,0.06791171,27.16468528,8544.42279420,False,,0.00000000,False,10/11/2019 4:20:04 AM
1adcd515-8a4f-49b2-ad03-9ff0423fc8a5,BTC-BSV,10/11/2019 4:20:04 AM,LIMIT_SELL,0.01050430,0.12800708,0.00000000,0.00000336,0.00134462,0.01050426,False,,0.00000000,False,10/11/2019 4:20:04 AM
ff3357ea-6452-4cfd-9087-4bd5865ac94d,BTC-RVN,10/11/2019 4:20:05 AM,LIMIT_SELL,0.00000433,271.36916847,0.00000000,0.00000293,0.00117502,0.00000433,False,,0.00000000,False,10/11/2019 4:20:05 AM
cd42a80d-070e-4ab7-a3b4-7833d1ea5a1c,BTC-XLM,10/11/2019 4:20:06 AM,LIMIT_SELL,0.00000719,150.99994691,0.00000000,0.00000271,0.00108568,0.00000719,False,,0.00000000,False,10/11/2019 4:20:06 AM
8b8def8c-8ba3-4925-ab15-062930ac3e05,BTC-BCH,10/11/2019 4:20:06 AM,LIMIT_BUY,0.02697499,0.28629878,0.00000000,0.00001930,0.00772290,0.02697497,False,,0.00000000,False,10/11/2019 4:20:06 AM
3582cbd5-fc66-4bac-b12c-ef48a290b565,USDT-BTC,10/11/2019 4:22:13 AM,LIMIT_BUY,8542.30893297,0.00985882,0.00000000,0.21054025,84.21610027,8542.20893271,False,,0.00000000,False,10/11/2019 4:22:13 AM
d8c11553-4dee-411e-bccc-47e714ea72ef,BTC-BCH,10/11/2019 4:22:13 AM,LIMIT_BUY,0.02696500,0.13662583,0.00000000,0.00000921,0.00368411,0.02696496,False,,0.00000000,False,10/11/2019 4:22:13 AM
8db696f0-3add-4055-aeb5-0ba13e793fb0,BTC-XLM,10/11/2019 4:22:13 AM,LIMIT_BUY,0.00000719,517.98078710,0.00000000,0.00000931,0.00372428,0.00000719,False,,0.00000000,False,10/11/2019 4:22:13 AM
a896006d-83f5-42f9-b0a1-b5c778456f8a,BTC-RVN,10/11/2019 4:22:14 AM,LIMIT_BUY,0.00000434,868.16846254,0.00000000,0.00000941,0.00376785,0.00000434,False,,0.00000000,False,10/11/2019 4:22:14 AM
df61542a-bb31-495b-bd71-fe3dd060b5b7,BTC-BSV,10/11/2019 4:22:14 AM,LIMIT_BUY,0.01052893,0.36308218,0.00000000,0.00000955,0.00382286,0.01052891,False,,0.00000000,False,10/11/2019 4:22:14 AM
bf94daeb-8153-4107-b46b-ba4a61a2c370,USDT-BTC,10/11/2019 6:30:34 AM,LIMIT_BUY,8413.86151245,0.00195731,0.00000000,0.04117133,16.46853527,8413.86150891,False,,0.00000000,False,10/11/2019 6:30:34 AM
da0ac8f5-4e02-43ff-a27a-8b42aa3267d2,BTC-BSV,10/11/2019 6:30:34 AM,LIMIT_BUY,0.01023303,0.09928693,0.00000000,0.00000253,0.00101570,0.01022995,False,,0.00000000,False,10/11/2019 6:30:34 AM
a766340a-5a72-4fc9-9801-e72a8ce34645,BTC-XLM,10/15/2019 3:47:18 PM,LIMIT_SELL,0.00000781,339.15992847,0.00000000,0.00000662,0.00264883,0.00000781,False,,0.00000000,False,10/15/2019 3:47:18 PM
70af2c79-6e92-4a2e-a44c-81ccac5b40fc,BTC-RVN,10/15/2019 3:47:18 PM,LIMIT_BUY,0.00000433,235.56393689,0.00000000,0.00000254,0.00101999,0.00000433,False,,0.00000000,False,10/15/2019 3:47:18 PM
45d3b4ce-db9d-4477-bd4d-9db96563b328,USDT-BTC,10/15/2019 3:47:18 PM,LIMIT_SELL,8253.67109434,0.00113514,0.00000000,0.02342268,9.36907220,8253.67108903,False,,0.00000000,False,10/15/2019 3:49:44 PM
9178afd9-13ff-43fd-b88f-10b10fd379c3,BTC-BSV,10/15/2019 3:50:39 PM,LIMIT_SELL,0.01068398,4.07756966,0.00000000,0.00010891,0.04356467,0.01068398,False,,0.00000000,False,10/15/2019 3:50:39 PM
2ea2a4f7-bbd5-4eb6-aafe-4bb274087728,BTC-RVN,10/15/2019 3:50:39 PM,LIMIT_BUY,0.00000433,2487.01235550,0.00000000,0.00002692,0.01076876,0.00000433,False,,0.00000000,False,10/15/2019 3:50:39 PM
a230caad-b017-4f54-9fd4-4c3f64330f12,BTC-XLM,10/15/2019 3:50:40 PM,LIMIT_BUY,0.00000782,1396.00196418,0.00000000,0.00002729,0.01091673,0.00000782,False,,0.00000000,False,10/15/2019 3:50:40 PM
44d6392f-ff04-4942-9d7f-a4ebce7f7977,BTC-BCH,10/15/2019 3:50:40 PM,LIMIT_BUY,0.02715999,0.42385887,0.00000000,0.00002878,0.01151200,0.02715998,False,,0.00000000,False,10/15/2019 3:50:40 PM
5c2180d1-93d1-46bf-ba6c-c405d074176d,USDT-BTC,10/16/2019 4:10:23 AM,LIMIT_BUY,8166.54082360,0.00143107,0.00000000,0.02921722,11.68689157,8166.54081911,False,,0.00000000,False,10/16/2019 4:10:23 AM
5eed39af-5f22-4265-88ba-f00e028c095e,BTC-RVN,10/16/2019 4:10:23 AM,LIMIT_BUY,0.00000417,485.05416768,0.00000000,0.00000505,0.00202267,0.00000417,False,,0.00000000,False,10/16/2019 4:10:23 AM
af627466-c4c1-41e8-9e65-44200bf701b3,USDT-BTC,10/16/2019 3:53:31 PM,LIMIT_BUY,7971.28644015,0.00299035,0.00000000,0.05958895,23.83558267,7970.83373853,False,,0.00000000,False,10/16/2019 3:53:31 PM
aacbe01b-329a-431e-a188-ca9d9f5c6072,BTC-RVN,10/16/2019 3:53:31 PM,LIMIT_BUY,0.00000396,606.84030160,0.00000000,0.00000600,0.00240308,0.00000396,False,,0.00000000,False,10/16/2019 3:53:31 PM
c4db9253-7554-4c7a-b833-c75e26e60e8b,BTC-XLM,10/18/2019 9:24:59 PM,LIMIT_SELL,0.00000796,166.45831318,0.00000000,0.00000331,0.00132500,0.00000796,False,,0.00000000,False,10/18/2019 9:24:59 PM
35028e2a-12e0-414a-8cec-1b7917be8541,BTC-RVN,10/19/2019 7:56:44 AM,LIMIT_SELL,0.00000397,13465.52739726,0.00000000,0.00013364,0.05345814,0.00000397,False,,0.00000000,False,10/19/2019 7:56:44 AM
5e550028-8df0-488f-abfd-de58ce2124ab,BTC-BCH,10/19/2019 7:56:44 AM,LIMIT_SELL,0.02697501,1.97303740,0.00000000,0.00013305,0.05322270,0.02697501,False,,0.00000000,False,10/19/2019 7:56:44 AM
9929b4d2-b9ea-4ced-aa0b-42717e92eeda,BTC-XLM,10/19/2019 7:56:44 AM,LIMIT_SELL,0.00000788,6702.49432505,0.00000000,0.00013203,0.05281565,0.00000788,False,,0.00000000,False,10/19/2019 7:56:44 AM
b2203d3e-377b-4e0d-811f-70cc69c38a4b,USDT-BTC,10/19/2019 7:59:52 AM,LIMIT_SELL,7931.99715024,0.21373832,0.01373832,3.96599857,1586.39943005,7931.99715025,False,,0.00000000,False,10/19/2019 8:00:07 AM
82f1b408-8fd4-4b22-844b-c1cd4cebd7c4,USDT-BTC,10/19/2019 8:00:13 AM,LIMIT_SELL,7931.99715022,0.01373832,0.00000000,0.27243078,108.97231508,7931.99714958,False,,0.00000000,False,10/19/2019 8:00:13 AM
c3f014d0-6fac-4e62-9fd0-48b2df4ab449,USD-USDT,10/19/2019 8:01:44 AM,LIMIT_SELL,1.00068000,490.19180005,0.00000000,1.22631282,490.52513047,1.00068000,False,,0.00000000,True,10/19/2019 8:01:44 AM
2652a394-2eea-459f-8a1d-b0985bc6f360,USD-USDT,10/19/2019 8:04:16 AM,LIMIT_SELL,1.00046000,266.80599288,0.00000000,0.66732180,266.92872363,1.00046000,False,,0.00000000,True,10/19/2019 8:04:16 AM
ef0be12b-2a14-4167-940c-8dcc9498ea81,USD-USDT,10/19/2019 8:06:24 AM,LIMIT_SELL,1.00010000,49.99500049,0.00000000,0.12499999,49.99999999,1.00010000,False,,0.00000000,True,10/19/2019 8:06:24 AM
36563d00-464c-4d41-8cc3-43cb47fddf52,USD-USDT,10/19/2019 8:10:54 AM,LIMIT_SELL,1.00003000,100.00000000,0.00000000,0.25000750,100.00300000,1.00003000,False,,0.00000000,False,10/19/2019 8:10:54 AM
90b6bbf0-4383-4136-81a1-11e8da1fe54f,USD-USDT,10/19/2019 8:11:29 AM,LIMIT_SELL,1.00004000,100.00000000,0.00000000,0.25001000,100.00400000,1.00004000,False,,0.00000000,False,10/19/2019 8:11:29 AM
18ad7987-742b-4bb3-b35d-7ee1d0285ef5,USD-USDT,10/19/2019 8:11:59 AM,LIMIT_SELL,1.00004000,100.00000000,0.00000000,0.25001000,100.00400000,1.00004000,False,,0.00000000,False,10/19/2019 8:11:59 AM
375dc448-c903-4e20-b843-cf082e4be808,USD-USDT,10/19/2019 8:12:51 AM,LIMIT_SELL,1.00004000,100.00000000,0.00000000,0.25001000,100.00400000,1.00004000,False,,0.00000000,False,10/19/2019 8:12:51 AM
c72506bc-3941-4a6d-9cec-89b0cc9a9d1f,USD-USDT,10/19/2019 8:13:16 AM,LIMIT_SELL,1.00004000,100.00000000,0.00000000,0.25001000,100.00400000,1.00004000,False,,0.00000000,False,10/19/2019 8:13:16 AM
af43f049-3cbf-40e4-ab65-32c6118819a5,USD-USDT,10/19/2019 8:13:34 AM,LIMIT_SELL,1.00004000,100.00000000,0.00000000,0.25001000,100.00400000,1.00004000,False,,0.00000000,False,10/19/2019 8:13:34 AM
e848b18f-e779-4b3d-a3e0-6475b6273967,USD-USDT,10/19/2019 8:14:47 AM,LIMIT_SELL,1.00004000,100.00000000,0.00000000,0.25001250,100.00500000,1.00005000,False,,0.00000000,False,10/19/2019 8:14:47 AM
0c21d731-ebdd-441c-b407-2d4805b954e6,USD-USDT,10/19/2019 8:17:07 AM,LIMIT_SELL,1.00003000,33.83524171,0.00000000,0.08459064,33.83625676,1.00003000,False,,0.00000000,False,10/19/2019 8:17:07 AM
5d431831-477d-4292-9cd3-6f807627f04f,USD-USDT,10/19/2019 8:17:50 AM,LIMIT_SELL,1.00003000,400.00000000,0.00000000,1.00003000,400.01200000,1.00003000,False,,0.00000000,False,10/19/2019 8:17:50 AM
ec7e49fa-52f2-4873-b806-57f85747afd3,USD-USDT,10/19/2019 8:18:06 AM,LIMIT_SELL,1.00003000,600.00000000,0.00000000,1.50004500,600.01800000,1.00003000,False,,0.00000000,False,10/19/2019 8:18:06 AM
70985e92-ab50-4630-a640-fe1b8ceb79dc,USD-BCH,10/20/2019 12:26:47 PM,LIMIT_BUY,214.26100000,10.00000000,0.00000000,5.35652029,2142.60812048,214.26081205,False,,0.00000000,False,10/20/2019 12:26:47 PM
9824be2b-264f-41aa-b73e-87e8138b8e7c,BTC-BCH,10/21/2019 11:19:35 AM,LIMIT_SELL,0.02814004,2.00000000,0.00000000,0.00014069,0.05628007,0.02814004,False,,0.00000000,False,10/21/2019 11:20:21 AM
1453ef5a-db22-40cb-afb4-05860098781d,BTC-BCH,10/21/2019 11:26:29 AM,LIMIT_SELL,0.02816500,2.00000000,0.00000000,0.00014085,0.05634000,0.02817000,False,,0.00000000,False,10/21/2019 11:26:29 AM
b3f486d8-13a4-4307-a9d5-3e68ace13785,BTC-RVN,10/21/2019 11:29:51 AM,LIMIT_BUY,0.00000375,15000.00000000,14992.76433898,0.00000006,0.00002713,0.00000375,False,,0.00000000,False,10/21/2019 11:31:18 AM
f3668310-afc2-4d57-921a-5913c0c53c8b,BTC-RVN,10/21/2019 11:31:34 AM,LIMIT_BUY,0.00000376,15000.00000000,0.00000000,0.00014100,0.05640000,0.00000376,False,,0.00000000,False,10/21/2019 11:31:34 AM
4ee844c6-761b-48fb-84b7-ab2b40f49a35,USD-BSV,10/21/2019 11:34:14 AM,LIMIT_BUY,106.57100000,2.68379596,0.00000000,0.71503704,286.01481925,106.57100000,False,,0.00000000,True,10/21/2019 11:34:14 AM
3e5c1d85-7da3-4b9a-9aaa-df2f58212809,USD-BSV,10/21/2019 11:36:13 AM,LIMIT_BUY,107.08500000,0.31700000,0.00000000,0.08486010,33.94404300,107.07900000,False,,0.00000000,False,10/21/2019 11:36:13 AM
f29763e7-8258-4149-a80d-a084d7c69310,BTC-RVN,10/23/2019 3:44:15 PM,LIMIT_SELL,0.00000370,15007.23566102,0.00000000,0.00013881,0.05552676,0.00000370,False,,0.00000000,False,10/23/2019 3:44:15 PM
0ed0f2b0-e8f3-4237-961a-93c45d494a8c,USD-BSV,10/23/2019 3:44:57 PM,LIMIT_SELL,94.79600000,3.00079596,0.00000000,0.71115863,284.46345382,94.79600000,False,,0.00000000,False,10/23/2019 3:44:57 PM
a651c867-2365-4c76-bcdb-0ee97309755e,USD-BCH,10/23/2019 3:45:47 PM,LIMIT_SELL,207.45300000,4.00000000,0.00997507,2.06935660,827.74264180,207.45300000,False,,0.00000000,False,10/23/2019 3:46:21 PM
12b848a0-fca8-43bd-b67c-95c240dbb511,USD-BCH,10/23/2019 3:46:40 PM,LIMIT_SELL,207.08300000,2.00997507,0.00000000,1.04097420,416.38968247,207.16161543,False,,0.00000000,False,10/23/2019 3:46:40 PM
ea664f74-0ee3-4dd4-878b-7fd6da06f175,USD-BTC,10/23/2019 3:47:28 PM,LIMIT_SELL,7451.04800000,0.09815829,0.00000000,1.82918512,731.67405311,7454.02199967,False,,0.00000000,False,10/23/2019 3:47:28 PM
37638ab0-5d9c-4f4f-9e34-40ddfe3db6ec,USD-BCH,10/26/2019 12:45:26 AM,LIMIT_BUY,268.62200000,3.68221176,0.00000000,2.47278930,989.11572297,268.62000000,False,,0.00000000,True,10/26/2019 12:45:26 AM
d0f1e81f-adc9-4aca-8b06-068579a161ad,USD-BCH,10/26/2019 12:46:09 AM,LIMIT_BUY,268.78600000,3.00000000,0.00000000,2.01583995,806.33598558,268.77866186,False,,0.00000000,False,10/26/2019 12:46:09 AM
5812d177-0236-45ea-a049-82d5c1181b05,USD-BCH,10/26/2019 12:46:30 AM,LIMIT_BUY,268.93400000,1.00000000,0.00000000,0.67231249,268.92499999,268.92499999,False,,0.00000000,False,10/26/2019 12:46:30 AM
ad205fe9-f7e4-430a-9c04-f8eb5836b30e,USD-BCH,10/26/2019 12:46:50 AM,LIMIT_BUY,268.92000000,0.75000000,0.00000000,0.50422500,201.69000000,268.92000000,False,,0.00000000,False,10/26/2019 12:46:56 AM
21b9f1ef-14cf-43b6-ab17-448df03d46ae,BTC-BCH,10/29/2019 5:26:35 PM,LIMIT_SELL,0.03103001,1.00000000,0.00000000,0.00007761,0.03104501,0.03104501,False,,0.00000000,False,10/29/2019 5:26:35 PM
5a4520d8-e089-49af-9ada-b8245ac6e560,BTC-BCH,10/31/2019 10:54:33 PM,LIMIT_SELL,0.03083500,0.33600573,0.00000000,0.00002590,0.01036074,0.03083501,False,,0.00000000,False,10/31/2019 10:54:33 PM
22c2bff5-8fc7-463f-9ced-70c128c3f2b5,BTC-BCH,10/31/2019 10:55:06 PM,LIMIT_SELL,0.03086502,0.30230341,0.00000000,0.00002332,0.00933060,0.03086502,False,,0.00000000,False,10/31/2019 10:55:06 PM
0d228d36-69bf-4cf1-a807-6636cbd783cd,BTC-BCH,10/31/2019 10:55:31 PM,LIMIT_SELL,0.03088001,0.27196718,0.00000000,0.00002099,0.00839970,0.03088498,False,,0.00000000,False,10/31/2019 10:55:31 PM
7208e82f-29e6-40b2-bb7a-15b7f1d803e7,BTC-BCH,10/31/2019 10:55:44 PM,LIMIT_SELL,0.03089000,0.24466660,0.00000000,0.00001889,0.00755897,0.03089498,False,,0.00000000,False,10/31/2019 10:55:44 PM
0dafe49c-13a8-437f-a819-ade65a869a90,BTC-BCH,10/31/2019 10:59:37 PM,LIMIT_SELL,0.03088500,0.22001070,0.00000000,0.00001698,0.00679503,0.03088500,False,,0.00000000,True,10/31/2019 10:59:37 PM
0cc662f6-00aa-4941-9492-26287e80fc48,BTC-BCH,10/31/2019 11:00:07 PM,LIMIT_SELL,0.03088500,0.19791519,0.00000000,0.00001528,0.00611261,0.03088500,False,,0.00000000,True,10/31/2019 11:00:07 PM
122b9189-393a-4b10-a616-d1d8416629a1,BTC-BCH,10/31/2019 11:00:16 PM,LIMIT_SELL,0.03088500,0.17803873,0.00000000,0.00001375,0.00550050,0.03089496,False,,0.00000000,True,10/31/2019 11:00:16 PM
d3161dd8-b218-490b-9462-23aac37246ba,BTC-BCH,10/31/2019 11:00:34 PM,LIMIT_SELL,0.03089500,0.16015563,0.00000000,0.00001237,0.00494800,0.03089495,False,,0.00000000,True,10/31/2019 11:00:34 PM
40c199d1-fa75-4daa-8e35-d6a89239babe,BTC-BCH,10/31/2019 11:00:51 PM,LIMIT_SELL,0.03090000,0.14406880,0.00000000,0.00001112,0.00445172,0.03089996,False,,0.00000000,True,10/31/2019 11:00:51 PM
9757c46a-d1ab-49e2-a634-3698e87f24bb,BTC-BCH,10/31/2019 11:01:30 PM,LIMIT_SELL,0.03090500,0.64798332,0.00000000,0.00005006,0.02002592,0.03090499,False,,0.00000000,True,10/31/2019 11:01:30 PM
f44f565a-033f-4489-9246-c6eb41ebeb55,BTC-BCH,10/31/2019 11:01:40 PM,LIMIT_SELL,0.03090500,0.32249850,0.00000000,0.00002491,0.00996681,0.03090498,False,,0.00000000,True,10/31/2019 11:01:40 PM
1d476e58-54a4-4faa-b4c5-5c11137f0945,BTC-BCH,10/31/2019 11:01:47 PM,LIMIT_SELL,0.03090500,0.16050611,0.00000000,0.00001240,0.00496044,0.03090499,False,,0.00000000,True,10/31/2019 11:01:47 PM
40017834-162c-47a3-a013-7b32aa029588,BTC-BCH,10/31/2019 11:01:56 PM,LIMIT_SELL,0.03091001,0.07988320,0.00000000,0.00000617,0.00246958,0.03091489,False,,0.00000000,True,10/31/2019 11:01:56 PM
68c6e676-5baf-4b70-a147-c562469e20d0,BTC-BCH,10/31/2019 11:02:25 PM,LIMIT_SELL,0.03092000,0.03975124,0.00000000,0.00000307,0.00122910,0.03091979,False,,0.00000000,True,10/31/2019 11:02:25 PM
049af6cd-54c6-464f-bdc4-675e5b1c2a23,BTC-BCH,10/31/2019 11:02:39 PM,LIMIT_SELL,0.03092000,0.01977935,0.00000000,0.00000152,0.00061157,0.03091962,False,,0.00000000,True,10/31/2019 11:02:39 PM
c883fcda-ae6f-4c7b-8b87-9e23d94bcbb5,BTC-BCH,10/31/2019 11:04:31 PM,LIMIT_SELL,0.03093000,0.01968347,0.00000000,0.00000152,0.00060880,0.03092951,False,,0.00000000,True,10/31/2019 11:04:31 PM
317ea335-bd50-43dc-baac-8c04ef458d5f,BTC-RVN,10/31/2019 11:13:45 PM,LIMIT_BUY,0.00000317,1039.03939157,0.00000000,0.00000823,0.00329375,0.00000317,False,,0.00000000,True,10/31/2019 11:13:45 PM
df7d9296-3a86-4aeb-b9c2-bea36f6b06d0,BTC-RVN,10/31/2019 11:15:52 PM,LIMIT_SELL,0.00000316,793.56237650,0.00000000,0.00000626,0.00250765,0.00000316,False,,0.00000000,True,10/31/2019 11:15:52 PM
77579d0a-ef6c-4d4d-b665-af72bfb1311a,BTC-RVN,11/1/2019 5:20:46 AM,LIMIT_SELL,0.00000315,245.47701507,0.00000000,0.00000193,0.00077325,0.00000315,False,,0.00000000,False,11/1/2019 5:20:46 AM
e324ddaa-1fc8-48fa-9d99-b4f8f0a5e7da,BTC-BCH,11/3/2019 10:31:11 PM,LIMIT_BUY,0.03138500,0.26726734,0.00000000,0.00002096,0.00838684,0.03137997,False,,0.00000000,True,11/3/2019 10:31:11 PM
61342fdb-7325-4a72-abd9-484c1b5a7c89,BTC-BCH,11/7/2019 9:26:34 PM,LIMIT_SELL,0.03154394,0.02742958,0.00000000,0.00000216,0.00086523,0.03154368,False,,0.00000000,True,11/7/2019 9:26:34 PM
18904f31-76e4-4913-a866-e6abe3917b54,BTC-BCH,11/12/2019 8:44:38 PM,LIMIT_SELL,0.03291561,0.07155328,0.00000000,0.00000588,0.00235521,0.03291547,False,,0.00000000,True,11/12/2019 8:44:38 PM
10793611-d08e-43fc-8b24-b82c3183658c,BTC-BCH,11/18/2019 7:20:48 PM,LIMIT_SELL,0.03004003,3.72000000,3.71598930,0.00000030,0.00012060,0.03006956,False,,0.00000000,False,11/18/2019 7:21:40 PM
58dc7e7e-88dd-4476-a8d0-411e710ba7c4,BTC-BCH,11/18/2019 7:22:15 PM,LIMIT_SELL,0.02994002,3.72000000,0.00000000,0.00027848,0.11139551,0.02994503,False,,0.00000000,False,11/18/2019 7:22:15 PM
66631b12-8782-4013-ac9f-5d7dbf6c82f5,USD-BTC,11/18/2019 7:36:42 PM,LIMIT_BUY,8213.11800000,0.00597049,0.00000000,0.12259081,49.03632694,8213.11599885,False,,0.00000000,False,11/18/2019 7:36:42 PM
